{
    
    

    "Settings": {
        "Name": "Marsy",   
        "Discord": {
            "ID": "909858878068523038",
            "SECRET": "wYuUeRP2beeF156zJfWknUpIIfFzFKm_",
            "URL": "https://marsy.live/System/Discord/Callback"
        }, 
        "PAYTR": {
            "MAGAZA_NO": "414742",
            "MAGAZA_KEY": "zahQo6Xpf5Yuy5CP",
            "MAGAZA_SALT": "eLiBCbKNiNKBif5y",
            "TEST_MODE": false
        },
        "BOT": {
            "Developers": ["327236967265861633"],
            "Prefixs": [".", ",", "!"],
            "URL": "https://marsy.live",
            "guildId": "1178732548571017306",
            "welcomeChannel": "1181414859070521444",
            "welcomeRandomTexts": [
                "Marsy'nin sırlarını keşfetmeye geldin, harika bir seçim!",
                "Marsy'ya adım attın ve bu gezegen seni coşturacak!",
                "Güneş sisteminin kırmızı incisi Marsy'da hoş geldin!",
                "Marsy'ya iniş yaptın, şimdi bilinmeyenlere doğru bir yolculuğa çıkabilirsin.",
                "Kırmızı topraklarda ayak izlerinle Marsy'yi süsledin!",
                "Marsy atmosferine dalarken, macera dolu anların başlangıcıydı!",
                "Marsy'nin yüzeyinde yeni bir keşfe hazır mısın?",
                "Marsy'ya vardığın için tebrikler, şimdi gerçek bir uzay kaşifi oldun!",
                "Yıldızlardan birine daha merhaba dedin, Marsy seni bekliyordu!",
                "Kırmızı devin yanında durmak, gerçekten etkileyici bir duygu!",
                "Marsy'nin kızıl dünyasına hoş geldin, burası senin laboratuvarın olacak!",
                "Roverlarla dolu bu gezegende, keşfe çıkmak için sabırsızlanıyorsun!",
                "Marsy'nin yüzeyindeki toprak, senin bilim merakını besleyecek.",
                "Kırmızı gökyüzünde serüvene atıldın, umarım yanına bir uzay aracı aldın!",
                "Marsy'nin zorlu yüzeyinde ayakta kalmak, gerçek bir kaşifin işidir!",
                "Marsy'nin çekiciliği seni buraya getirdi, şimdi ne keşfedeceksin?",
                "Marsy'da bir gün, bir bilim kahramanı olarak hatırlanacaksın!",
                "Marsy'nin kırmızı toprakları, ayaklarının altında efsanevi bir hikaye yazıyor.",
                "Marsy'ya ayak bastın ve galaksiyi adım adım fethetmeye başladın!",
                "Marsy'ya gelmenle birlikte, bilinmeyenlerle dolu bir maceranın kapılarını araladın.",
                "Yıldızlar arası yolculuğunun bir parçası olarak, Marsy'yi ziyaret ettiğin için tebrikler!",
                "Marsy'ya ulaşmanla, evrende yeni bir adım daha attın!",
                "Marsy atmosferinde kaybolma zamanı geldi, iyi şanslar!",
                "Kırmızı gezegenin sana sırlarını açıyor, bu yolculuk unutulmaz olacak!",
                "Marsy'nin gizemli dünyasında, bilim ve macera seni bekliyor.",
                "Marsy'nin topraklarında ayak izlerin, gelecek kuşaklar için bir iz bırakacak!",
                "Marsy'ya ayak basmak, bir bilim gezgini için unutulmaz bir anıdır!",
                "Marsy'da yolculuğun başladı, sana her an bir sürpriz bekliyor!",
                "Marsy'nin kızıl topraklarında keşfe çıkmak, cesurca bir adımdır!",
                "Marsy'ya gelmekle, evrenin derinliklerindeki sırlara bir adım daha yaklaştın!",
                "Marsy'nin yüzeyinde, geleceğin bilim keşiflerini başlatıyorsun!",
                "Marsy atmosferini soluduğun an, gerçek bir uzay yolcusu oldun!",
                "Kırmızı gezegenin kalbine doğru attın bir adım, macera başlıyor!",
                "Marsy'ya ulaşmanla, bilinmeyenlerle dolu bir kitabın kapağını açtın!",
                "Marsy'nin gizemli yüzeyinde, heyecan dolu anlar seni bekliyor!",
                "Marsy'ya hoş geldin, burada senin için sayısız keşif fırsatı var!",
                "Marsy'nin çekici kırmızı atmosferinde kaybolmak, unutulmaz bir anı olacak!",
                "Marsy'da bir keşif yolcusu olarak, bilinmeyenlerle dolu bir dünya seni bekliyor!",
                "Marsy'ya vardığın an, bir uzay gezgini olarak tarih yazdın!",
                "Kırmızı gezegenin kapıları sana açılıyor, içeri adım at!",
                "Marsy atmosferine dalmanın verdiği heyecanı hissettin mi? Bu sadece başlangıç!",
                "Marsy'ya ayak bastın ve bu gezegen seni bekliyordu. Keşfe çık!",
                "Marsy'da yeni bir başlangıç yaptın, sana inanılmaz bir yolculuk diliyorum!",
                "Kırmızı gökyüzü seni çağırıyor, Marsy'ye hoş geldin!",
                "Marsy'ya gelmekle, evrenin derinliklerine bir adım daha attın!",
                "Marsy'nin çekici yüzeyinde, yeni bir hikaye yazmaya hazır mısın?",
                "Marsy'ya ayak basman, uzayın sınırlarını zorlamanın bir adımıdır!",
                "Marsy'nin kırmızı topraklarında, kendi izini bırakma vakti geldi!",
                "Marsy'ya vardığın için tebrikler, şimdi gerçek bir uzay gezgini oldun!",
                "Marsy'ya ayak basmanla, bilim dünyasında unutulmaz bir iz bıraktın!",
                "Marsy'nin atmosferinde, geleceğin keşiflerine doğru bir yolculuğa çıktın!",
                "Kırmızı gökyüzünün altında, Marsy'nin gizemini çözmeye hazır mısın?",
                "Marsy'ya adım attığın an, evrenin kapıları sana daha da açıldı!",
                "Marsy'nin kızıl toprakları, senin izini bekliyor. Keşfe devam et!",
                "Marsy'ya ulaşmanla, sadece bir gezegeni değil, kendi sınırlarını da aştın!",
                "Marsy atmosferine dalmanın verdiği heyecanı hissettin mi? Bu sadece başlangıç!",
                "Kırmızı gezegenin kapıları sana açılıyor, içeri adım at!",
                "Marsy'ya ayak bastın ve bu gezegen seni bekliyordu. Keşfe çık!",
                "Marsy'da yeni bir başlangıç yaptın, sana inanılmaz bir yolculuk diliyorum!",
                "Kırmızı gökyüzü seni çağırıyor, Marsy'ye hoş geldin!",
                "Marsy'ya gelmekle, evrenin derinliklerine bir adım daha attın!",
                "Marsy'nin çekici yüzeyinde, yeni bir hikaye yazmaya hazır mısın?",
                "Marsy'ya ayak basman, uzayın sınırlarını zorlamanın bir adımıdır!",
                "Marsy'nin kırmızı topraklarında, kendi izini bırakma vakti geldi!",
                "Marsy'ya vardığın için tebrikler, şimdi gerçek bir uzay gezgini oldun!",
                "Marsy'ya ayak basmanla, bilim dünyasında unutulmaz bir iz bıraktın!",
                "Marsy'nin atmosferinde, geleceğin keşiflerine doğru bir yolculuğa çıktın!",
                "Kırmızı gökyüzünün altında, Marsy'nin gizemini çözmeye hazır mısın?",
                "Marsy'ya adım attığın an, evrenin kapıları sana daha da açıldı!",
                "Marsy'nin kızıl toprakları, senin izini bekliyor. Keşfe devam et!",
                "Marsy'ya ulaşmanla, sadece bir gezegeni değil, kendi sınırlarını da aştın!",
                "Marsy atmosferine dalmanın verdiği heyecanı hissettin mi? Bu sadece başlangıç!",
                "Kırmızı gezegenin kapıları sana açılıyor, içeri adım at!",
                "Marsy'ya ayak bastın ve bu gezegen seni bekliyordu. Keşfe çık!",
                "Marsy'da yeni bir başlangıç yaptın, sana inanılmaz bir yolculuk diliyorum!",
                "Kırmızı gökyüzü seni çağırıyor, Marsy'ye hoş geldin!",
                "Marsy'ya gelmekle, evrenin derinliklerine bir adım daha attın!",
                "Marsy'nin çekici yüzeyinde, yeni bir hikaye yazmaya hazır mısın?",
                "Marsy'ya ayak basman, uzayın sınırlarını zorlamanın bir adımıdır!",
                "Marsy'nin kırmızı topraklarında, kendi izini bırakma vakti geldi!",
                "Marsy'ya vardığın için tebrikler, şimdi gerçek bir uzay gezgini oldun!",
                "Marsy'ya ayak basmanla, bilim dünyasında unutulmaz bir iz bıraktın!",
                "Marsy'nin atmosferinde, geleceğin keşiflerine doğru bir yolculuğa çıktın!",
                "Kırmızı gökyüzünün altında, Marsy'nin gizemini çözmeye hazır mısın?",
                "Marsy'ya adım attığın an, evrenin kapıları sana daha da açıldı!",
                "Marsy'nin kızıl toprakları, senin izini bekliyor. Keşfe devam et!",
                "Marsy'ya ulaşmanla, sadece bir gezegeni değil, kendi sınırlarını da aştın!"
            ],
            "joinRoles": ["1181392593360261210"]
        }
    },
    "Licenses": [
        { "IP": "::1", "Domain": "localhost:5000", "Code": "ACAR" },
        { "IP": "217.131.111.123", "Domain": "api.marsy.live", "Code": "ACOS"},
        { "IP": "95.214.177.147", "Domain": "api.marsy.live", "Code": "=mgDELeCGqBVXaLideTIrM726YlPRdnkC"},
        { "IP": "185.243.181.127", "Domain": "api.marsy.live", "Code": "=mgDELeCGqBVXaLideTIrM726YlPRdnkC"}
    ]
}